word,count
chicken,567
hat,1004
picnic,76
people,753
ladder,95
ride,428
child,208
dog's,62
table,898
chair,1530
boy,2171
dog,1212
girl,1730
ball,2439
baby,5316
car,2049
bed,889
person,103
mommy,1142
nightie_nightie,1
step,86
ground,86
puppy,394
square,115
outside,40
box,1646
home,1417
moment,40
yellow,394
green,520
orange,336
tower,171
door,788
house,1669
guy,446
cooker,12
fun,336
sweetheart,261
block,832
bead,123
sponge,31
outlet,5
honey,878
few,229
minute,971
thing,2504
lady,393
gramma,5
top,734
hole,375
circle,279
turn,614
cup,1048
red,580
fit,108
shape,112
rectangle,20
cylinder,4
triangle,99
push,266
side,359
bunk,11
night_night,147
doggie,686
lounge,4
morning,345
tail,291
noise,456
way,1504
watch,534
back,679
babe,31
round,40
doll,861
kid,298
mama,234
ouch,117
break,39
show,235
knock,37
stair,122
help,365
while,268
blue,426
white,142
stack,24
move,87
color,1120
bedroom,86
toy,1973
basketball,29
basket's,3
high,101
basket,234
point,86
truck,1058
play,1195
food,1441
plate,416
right,838
place,279
bit,726
drive,48
time,1609
man,783
daddy,841
store,304
cowboy,74
grill,15
dinner,445
floor,632
repeat,4
fire,240
hotdog,85
hamburger,207
platter,2
bench,32
set,91
dress,170
walk,186
bite,346
salad,64
pie,201
kind,1040
lid,109
flat,20
peek,50
piece,839
dance,86
juice,1775
car's,24
farmer,63
horseback,1
rooster,190
doggy,350
steak,27
hide,41
bean,280
bag,575
crouch,2
teacher,51
tea,239
milk,951
dolly,423
park,125
swing,108
chickie,33
chick,96
egg,590
breakfast,374
bummer,3
hum,223
arm,284
knee,178
finger,580
water,1104
dad,72
foot,1384
toe,235
driver's,2
seat,234
accident,36
pyramid,2
roll,66
stuff,837
second,207
birdie,213
sleep,130
slide,215
bird,901
duck,1260
nap,246
thank_you,437
meat,207
crash,44
object,17
toughie,2
room,632
work,292
tissue,73
job,545
family,76
rest,227
might,37
barbecue,16
twin,6
backyard,26
daddy's,110
night,519
couch,111
window,282
front,228
fireman,71
siren,15
firetruck,36
squeeze,18
hose,38
bucket,74
ax,4
bunnyrabbit,48
pillow,162
frankfurter,1
pottie,71
doggie's,51
mom,95
school,521
beach,111
need,127
end,298
puzzle,475
hiccup,20
baby's,318
driver,68
batter,11
pitcher,47
lunch,547
bottom,179
middle,79
lawn,9
duckie,166
cold,208
button,397
country,21
dollhouse,6
playhouse,4
food's,7
dish,110
cake,288
chocolate,233
cranberry,11
cream,356
hand,1347
mind,57
mine,85
mine's,23
people's,18
quiet,85
guess,157
couple,164
size,89
brother,250
face,564
cookout,1
sister's,17
mouth,1183
trip,46
chicken's,7
lie,67
garage,115
momma,20
cook,100
head,903
hold,218
mom's,8
tummy,165
kleenex,30
nose,975
somewhere,64
special,58
spaceship,7
count,33
match,50
ice,406
lady's,27
honeybun,3
seven_up,13
sir,31
day,646
chaise,1
kid's,2
bowl,326
rain's,1
furniture,17
trouble,98
straight,28
friend,325
grocery,59
toast,227
snack,161
alligator,100
lion,306
bread,380
butter,222
drink,360
napkin,248
candy,114
cane,12
cracker,308
sticky,93
washcloth,18
pop,211
shoe,1805
seed,48
spot,155
medicine,83
matter,226
cough,47
welcome,9
part,490
pile,61
sudden,17
life,142
snow,183
tree,545
bear,876
pine,16
town,40
name,1095
glass,274
book,3956
machine,152
university,12
hallway,7
eggnog,39
lot,800
whole,254
bib,86
moustache,5
peanutbutter,227
sandwich,319
frog,298
cookie,1282
half,137
icing,10
cooky,504
mess,231
fast,60
week,163
lift,17
ski,3
sled,45
mitten,81
soda,48
game,292
crumb,40
m_and_ms,5
picture,975
turtle,168
talk,201
ring,232
bracelet,28
necklace,53
raisin,144
banana,342
blanket,331
flower,536
crib,78
booster,12
diaper,455
word,474
pretzel,52
stick,152
camera,156
teeth,275
bone,51
pig,641
number,163
taste,115
supper,103
circus,57
animal,1655
monkey,470
clown,262
scare,10
ear,436
policeman,85
frosting,18
airport,39
rag,5
apple,762
inside,50
graham,30
cat's,35
cupboard,16
darn,3
bar,33
sucker,12
pumpkin,113
idea,299
tongue,199
eye,953
doggy's,21
wheat,8
kitty,1250
cheese,844
teddy,168
kittycat,116
party,220
rice,79
knife,92
peanutbutter's,3
closet,48
tangerine,4
coffee,470
favorite,288
peanut,129
bat,60
monster,165
hulk,48
movie,88
chip,83
pot,360
saucer,9
cloth,32
wipe,45
coke,22
tv,148
tray,43
marble,19
pizza,661
pizza's,4
refrigerator,104
oven,71
light,348
pimento,1
sip,19
piggy,260
muffin,222
counter,35
toaster,14
butter's,3
sillybilly,2
jump,221
shell,53
root,21
beer,40
love,163
lemon,60
tuna,101
fat,54
cat,691
penny,125
pancake,36
gross,13
sauce,37
sausage,6
blow,122
yum,450
yogurt,59
vanilla,29
spoon,977
wind,31
hair,998
light's,4
nut,89
cheek,53
jeep,65
jeep's,1
story,588
rabbit,384
snowman,109
tear,27
drop,10
boot,201
carrot,239
hammer,168
roof,89
smile,38
feather,26
rabbit's,28
moon,297
page,527
neck,116
coat,154
slope,1
black,193
last,149
bunny,1038
weather,15
vane,11
scarf,34
wood,116
bow,58
snowman's,6
leaf,90
peep,21
pee_pee,41
bird's,12
glove,39
sneaker,49
pocketbook,94
beak,12
wing,81
bunnyrabbit's,4
board,68
nail,60
birdie's,11
fair,23
sun,142
course,87
cap,23
hill,50
year,199
air,126
bunny's,57
owl,162
mother,246
well,255
least,57
can,188
color's,90
sound,170
garden,65
clue,4
attention,43
question,144
sock,414
shirt,451
hug,294
building,96
bottle,830
answer,26
gun,86
igloo,3
snowsuit,2
echo,3
version,23
everywhere,49
farm,352
jacket,141
peak,6
paint,49
horsie,380
beginning,42
lap,181
horse,810
boat,296
kiss,410
butterfly,103
balloon,286
boo,225
hello,116
telephone,273
dada,61
phone,298
comb,155
brush,268
smell,58
laugh,23
tickle,154
whats,217
nerve,2
breeze,5
puppet,214
call,61
zipper,84
kiddo,7
quack,243
kitty_kitty,4
pocket,176
sister,234
sissie,4
destruction,2
baba,27
fishie,17
piggie,96
mommy's,200
doghouse,9
being,75
reason,76
cow,917
knot,27
goat,156
camel,74
cause,307
fish,542
squirrel,100
squirrel's,7
multitude,1
hamster,50
stage,9
month,131
pushbutton,2
situation,12
bug,252
kitty's,44
chomp,2
suspender,7
dragon,134
tongue'll,1
space,49
key,361
bug's,12
mommy'll,7
icecream,525
brain,18
moocow's,2
boy's,79
vacuum,43
cleaner,31
soup,346
mother's,29
bum,9
earphone,8
mouse,380
elephant,497
whoop,57
zebra,378
snap,53
shoelace,14
clothes,403
paper,884
ukelele,3
umbrella,115
crayon,585
mirror,241
whisker,26
wall,144
puppy's,8
cage,84
rat,26
rocker,6
rosies,1
mousie,23
pant,227
rose,16
rosie,23
plenty,22
kettle,3
posy,15
hopscotch,3
muppet,2
shoulder,34
tie,30
dolphin,84
whale,77
kitten,187
raccoon,40
squeak,66
block's,2
bridge,117
strap,8
leash,9
street,140
growl,4
vacation,38
pup,5
kite,28
steam,10
cereal,228
engine,133
crane,14
snowblower,1
uncle,29
mike,26
abc,57
ant,45
sky,118
airplane,361
bath,217
bubble,187
aunt,19
drum,94
parade,29
microphone,288
tape,568
record,81
song,302
castle,63
poppy,11
pole,15
unicorn,12
jelly,69
jello,24
bet,15
turtle's,6
crocodile,11
highchair,61
doctor,178
thumb,82
sort,182
yarn,26
daisy,10
scissors,65
peach,133
o'clocks,1
dirt,59
mug,9
mush,48
aquarium,48
pat,22
tick,55
clock,213
stroller,67
river,24
iron,51
cube,22
jar,55
letter,310
marshmallow,4
onion,20
paste,3
piggybank,3
pink,132
quilt,6
rock,179
train,649
trike,3
tricycle,31
utensil,32
valentine,67
wagon,120
xylophone,22
yolk,4
yawn,11
fan,31
mass,2
pike,2
baseball,56
ducky,40
mealtime,1
pear,105
alphabet,22
boo_boo,79
strawberry,136
pan,178
dragon's,7
workout,1
dale,22
voice,44
low,26
chickies,18
hairbrush,14
horsie's,20
stomach,20
throat,18
leg,376
wheel,447
string,102
float,5
ribbon,71
pajama,110
beard,36
dinnertime,13
evening,8
steak's,1
sherry,1
o'clock,52
mummie,10
sleeve,30
kitchen,416
zoo,421
museum,48
trunk,70
mistress,1
sheep,452
lane,2
violin,12
music,137
dada's,3
telephone's,11
hon,18
grammie,4
alligator's,5
wrist,16
dial,17
birthday,393
heart,79
bout,17
pencil,284
scratch,26
boom,101
huggie,16
purse,96
indian,10
barrette,86
cave,17
snake,101
sweater,81
alarm,4
date,12
phone's,2
dolly's,67
sandal,35
slipper,107
lake,28
bathtub,102
foot's,7
pool,92
heaven,11
mistake,34
ham,25
track,32
dessert,71
parrot,34
drove,2
office,36
cover,111
bedspread,2
jellybeans,2
lollipop,33
mike'll,1
tiger,256
goose,164
reach,18
exercise,22
others,47
thrower,4
catcher,1
age,45
poop,18
protection,2
touch,90
jean,25
rug,95
surface,4
thread,22
change,42
care,73
past,11
bell,167
eyeshadow,2
ladybug,21
yard,45
carpenter,8
beetle,9
bill,15
world,68
difference,54
bunch,89
body,114
meal,39
sentence,29
contact,4
card,80
peg,39
magazine,85
instance,6
function,7
summer,65
fly,106
area,12
character,20
tshirts,3
stop,453
use,71
puppydogs,2
fact,36
tank,28
distinction,2
muppets,4
television,33
husband,34
stereo,3
mule,10
general,18
association,4
test,30
environment,2
activity,15
quieter,2
concept,25
skip,3
routine,27
gym,15
class,30
conversation,17
sex,4
agent,1
clothing,13
belt,72
interaction,4
comparative,1
stove,272
array,5
phrase,8
term,30
wheelbarrow,7
difficulty,5
magic,32
sec,13
grape,225
ton,18
sense,57
example,18
jam,39
liver,1
fascination,4
playpen,24
bathroom,121
reference,3
wash,73
type,60
marigold,3
struggle,1
band,34
ocean,103
shark,76
perspective,2
experience,15
applie,1
true,21
order,20
memory,16
rhyme,13
vocabulary,19
particular,31
problem,104
chain,6
imagination,5
beginner,1
hotcake,1
aisle,2
category,5
parent,36
recorder,340
equipment,8
bus,343
froggie,78
garden's,1
zinnia,2
vine,6
feed,37
jammies,14
plastic,60
section,5
fork,129
self,24
tennis,19
pullover,2
elastic,4
corduroy,1
nudist,1
desire,2
drawing,87
opposite,6
bristle,6
slick,2
playdough,11
clay,68
novelty's,1
cord,39
chair's,5
preposition,1
direction,17
novelty,3
mood,30
nursery,17
interest,64
effort,2
makeup,9
lunchtime,11
dozen,8
event,1
dump,95
player,43
plug,24
tune,7
chore,2
dishwasher,13
clothespin,2
plant,45
cupful,1
father,48
abstract,2
paperboy,1
thought,25
deal,41
storm,25
gobbledygook,1
pronunciation,6
viewpoint,1
figure,7
stranger,4
adult,11
present,127
babysitter,17
attraction,1
woman,43
applesauce,54
nephew,3
wave,25
dismay,1
handful,8
arrangement,2
pet,31
session,82
structure,2
knowledge,1
practice,4
jewelry,2
repertoire,3
limit,1
bobby,11
pin,72
cabinet,16
drawer,102
pony,175
circumstance,1
nightgown,21
underpants,7
doll's,27
definition,2
driveway,11
lifepreserver,1
deep,13
bookcase,22
bible,10
primary,2
criterion,1
winter,23
grasp,2
pressure,5
exchange,2
cloud,26
note,8
third,18
item,76
ambivalence,1
gift,14
chin,55
receiver,3
meme,2
pepe,1
weekend,34
energy,9
blouse,11
runner,1
afternoon,55
hour,81
apartment,5
domain,1
suit,58
sneak,4
discussion,3
segment,1
mention,1
separation,1
bush,31
constellation,1
behavior,6
group,44
hook,43
suggestion,4
negative,2
fault,17
lipstick,22
gum,73
brow,1
characteristic,2
husband's,4
oatmeal,66
sunflower,3
sesame,14
run,17
pacifier,20
lamb,232
fox,102
kangaroo,345
mole,8
seal,85
skunk,45
eagle,33
bang,103
bear's,22
calf,64
cart,58
hay,57
lotion,54
peepee,8
belly,169
cherry,34
fall,67
taxi,30
man's,48
conditioner,4
leave,33
carpet,33
sport,13
corner,49
miss,21
clown's,11
stay,57
dust,14
bulldozer,46
choochoo,100
broom,81
battery,57
stand,51
money,340
bank,23
seesaw,114
bump,51
down,82
train's,8
cocoa,24
propeller,14
fight,28
god,19
tinker,3
pussy,2
merrygoround,15
bee,332
snail,17
hit,24
sofa,16
suitcase,125
men,92
check,29
tunnel,105
chimney,72
plier,54
house'll,1
tire,91
trainman,1
road,133
stool,126
newspaper,18
handle,89
wire,49
walkietalkie,4
slot,9
donkey,316
shine,4
kitten's,4
daw,3
master,11
pen,332
mailman,67
ink,9
apron,29
cottage,6
potato,187
still,3
drunk,3
harmonica,11
recorder's,9
thermos,6
top's,3
surprise,40
razor,7
dryer,10
shoe's,2
wire's,2
package,35
saw,81
drill,21
ball'll,1
frisbee,35
scream,7
visit,68
soldier,75
hut,15
wheel's,2
reel,17
airplane's,7
lens,3
telescope,11
print,2
horse's,26
barn,241
donkey's,7
lamp,24
bike,158
hall,31
tag,11
junk,14
rubber,61
mama's,27
laundry,51
disaster,3
slide's,2
lamb's,4
golf,23
dark,63
tape's,6
friend's,7
flag,18
clear,10
ceiling,24
father's,1
cement,65
mixer,49
egg's,5
tool,204
rain,74
wool,8
cow's,19
sun's,10
truck's,14
guy's,8
family's,7
toll,1
traffic,20
bend,7
crack,8
sink,56
microphone's,4
principle,2
press,8
index,1
busdriver,1
pinkie,5
radiator,10
shade,24
calm,13
pedal,10
screwdriver,184
screw,147
jack,37
mechanic,7
automobile,1
christmas,27
bolt,57
wrinkle,2
hood,23
purpose,17
buy,28
ground's,1
quadracycle,1
vehicle,6
screwdriver's,3
picture's,4
rinse,2
bandage,11
finger's,7
hope,50
wristwatch,6
elbow,20
bud,29
pheasant,2
thumb's,1
piano,42
smoke,45
acrobat,6
front's,3
back's,4
caca,17
anteater,27
hippopotamus,37
ark,21
drip,7
operator,3
copyright,4
stoplight,2
tow,16
trick,21
form,28
giraffe,123
reindeer,47
feedback,2
gorilla,33
church,32
search,3
jay,4
bluebird,2
lizard,11
lizard's,4
monster's,3
grasshopper,5
click,9
tree's,4
mail,175
typewriter,2
out,12
barrette's,1
crowd,1
runway,1
advice,1
wake,11
gas,76
station,21
sweet,63
passenger,7
trash,137
garbage,103
eyebrow,36
appetite,2
compromise,1
grip,4
magazine's,1
book's,4
extra,22
fare,1
beautifier,1
horseman,1
curve,2
tense,3
felt,5
marker,14
chapstick,3
lip,39
message,17
pocketbook's,1
glutton,1
punishment,1
sharpie,1
baloney,18
bologna,32
choice,28
selection,2
desperation,2
decision,2
buddy,87
barrel,124
sugar,149
barrel's,1
wallet,14
paper's,5
dot,42
delivery,1
mattress,17
misery,2
case,38
briefcase,35
desk,38
engine's,1
elevator,14
rollerskate,1
girl's,35
windshield,5
handle's,1
hair's,8
cradle,17
hurry,30
rope,40
jumprope,3
waste,12
pineapple,13
applause,1
cigarette,8
jack's,2
timer,31
pill,7
fudgecicle,1
soap,107
zig_zag,2
line,63
pantry,5
shampoo,32
granola,3
left,7
speech,24
stethoscope,8
mouthful,8
doc,5
glue,20
video,23
kiddie,6
froggies,1
envelope,19
behind,9
cut,48
edge,17
label,21
stinker,7
football,178
bounce,59
sill,7
bingo,5
organizer,1
bull,7
interview,16
council,1
pound,26
cushion,14
fertilizer,3
table's,2
turnpike,1
sword,13
skate,16
scooter,15
guitar,50
railroad,23
trumpet,6
player's,2
silver,5
grass,124
scoop,24
shrimp,8
luck,7
lifesaver,2
sidewalk,29
collision,1
motor,72
rider,3
string's,2
bag's,1
fruit,148
airmail,1
address,6
dime,13
pack,10
nappie,8
closet's,1
stand's,1
glue's,1
sandbox,21
design,4
sand,124
sheep's,5
stamp,19
record's,2
dune,3
buggy,14
kit,5
carpenter's,2
luggage,11
ocean's,1
row,32
tomato,74
swim,126
dive,4
clip,27
scale,21
ruler,9
towel,201
competition,2
oil,11
mailbox,21
cash,51
register,15
police,14
sea,54
repair,4
quarter,29
dear,20
fear,1
twinkle,30
position,4
breadstick,1
turkey,173
needle,15
lead,5
fat's,2
fuel,5
pump,7
chop,15
store's,2
peasant,2
fireman's,4
scrub,3
spray,11
fine,38
influence,4
somersault,27
questionnaire,8
cup's,7
footsie,3
footing,8
wolf,71
slobber,2
noon,5
whistle,26
darling,4
tub,40
tumble,13
burp,19
nudie,4
splash,78
bop,2
coconut,6
rule,19
wee,33
uptown,3
shower,60
pig's,13
cab,6
puddle,17
march,76
airconditioning,1
airconditioner's,1
knob,32
airconditioner,7
door's,3
scrap,1
lock,9
packet,3
span,9
livingroom,26
powder,30
carbon,3
spell,16
straw,28
bellybutton,20
infant,8
hobbyhorse,2
poo,107
poo_poo,35
papa,32
fee,7
dope,1
vacuumcleaner,13
beep,120
vole,3
doo,7
taperecorder,154
bottle's,4
naptime,5
teddybear,19
wiggle,5
worm,66
tickle's,1
pa,2
echochamber,1
bark,11
emergency,8
mustard,20
toilet,44
helpful,1
hifi,1
pee,75
hush,40
bedtime,24
yoyo,7
boosterseat,5
corn,261
cucumber,13
tablecloth,18
sanctuary,3
pleasure,8
tummyache,11
heat,17
safe,15
sherbet,8
continuation,1
feast,2
bin,11
name's,11
mud,15
hippie,2
stork,1
sight,6
insect,2
vase,3
constraint,1
invitation,2
pyjama,4
shout,8
postcard,2
sore,13
butterscotch,1
personality,5
horsing,1
motel,1
temper,4
tantrum,5
triplet,1
village,38
pepper,127
pardon,14
cone,178
plane,72
variety,13
fortune,2
cost,8
dollar,51
olympics,2
gymnastics,1
coffee's,7
news,12
breast,5
dishwasher's,1
outfit,44
popsicle,36
secret,15
brownie,6
maker,11
coleslaw,1
rung,2
grownup,9
remuneration,1
skin,32
pail,32
coupon,5
breakfasttime,5
chance,25
salt,102
aeroplane,1
rush,4
gold,10
beauty,12
parlor,9
business,12
workman,3
inlaw,3
amount,11
trade,1
manner,6
exception,2
lesson,11
whisper,18
experiment,5
absolute,1
fusspot,1
cousin,29
wifie,4
bagel,80
pattern,8
till,36
hospital,49
sneeze,13
tram,1
cinnamon,10
offer,1
spaghetti,244
boosterchair,8
share,29
nickel,22
tooth,34
eater,22
guestroom,1
beam,9
navy,2
shelf,66
blue's,2
list,28
someplace,11
overnight,3
cinder,1
son,83
errand,2
painter,2
swimmer,3
fin,12
divingboard,1
schedule,8
creamcheese,27
carton,9
republican,1
servant,10
pace,3
gang,3
batten,1
hatch,4
flower's,2
thorn,11
homework,5
cottagecheese,4
feta,1
daughter,48
sequence,1
study,47
brave,5
placemat,4
playroom,31
croissant,1
tyre,2
treat,21
bread's,1
penny's,3
pay,9
system,5
cuckoo,11
coffeepot,8
ballpoint,1
grocerystore,1
tyke,1
teaparty,6
orangejuice,18
hitter,1
germ,25
prong,1
ear's,1
lover,2
toddler,15
reflection,3
spit,9
slip,12
company,17
toiletpaper,2
bosom,5
overall,8
ketchup,36
thick,2
yell,7
rate,6
wholewheat,4
chickenpox,12
spring,10
pronoun,3
joke,19
alarmclock,1
cassette,12
rubberband,1
radio,72
burger,43
mitt,1
milk's,4
yoghurt,14
sunshine,10
patch,16
bust,1
posey,3
ash,11
organ,3
split,3
splinter,27
sake,13
babysitter's,3
workday,2
cracker's,2
shake,148
siree,1
hermit,1
comic,10
flannel,1
watermelon,20
ups,4
chest,29
trap,3
science,4
plum,26
frame,12
recordplayer,7
dumbbell,2
tennisshoes,2
birthdayparty,2
speed,6
custom,1
wish,13
diarrhea,2
brother's,6
pad,25
spaghettio,5
notebook,3
mustache,36
berry,8
fireplace,20
sleepover,1
sweetiepie,31
haircut,18
gesture,3
mulberry,15
weasel,44
barber,13
shop,16
hate,5
iceskate,1
diningroom,7
shot,26
observatory,1
raisintoast,1
fourth,13
waffle,170
load,7
warmer,2
improvement,1
resident,1
syrup,13
hotel,5
tap,33
mortgage,1
percent,9
passover,1
outing,2
pork,10
recipe,8
fancy,21
lasagne,2
hyphen,2
carseat,8
heffalump,1
vegetable,111
bran,1
hip,3
wee_wee,16
dirtier,1
action,22
fridge,8
film,16
arrow,8
meatloaf,27
protein,3
mix,37
soy,3
windpipe,1
forehead,6
nature's,1
presence,1
desert,8
ache,11
wee_wees,1
pair,44
hub,1
cheer,5
ambulance,16
plain,8
tip,7
illness,1
sickness,4
marmalade,27
arch,2
purple,70
poos,3
peel,14
restaurant,26
sundae,20
deer,96
birthdaycake,2
hutch,4
guineapig,3
duckling,59
swimmingpool,2
fence,130
symphony,4
teapot,30
spinach,19
beef,26
honour,1
pony's,5
market,24
avocado,7
chat,3
crybaby,4
sieve,2
grahamcracker,13
charge,5
dream,23
inch,8
beaver,89
pushup,1
stupidity,1
nighttime,13
magnitude,1
due,2
bubblebath,2
thunder,11
thunderstorm,1
nurseryschool,1
lunchbox,6
horn,87
mask,6
fireengine,6
jail,10
patio,1
city,24
hamper,7
jumper,4
loaf,2
scandal,1
adventure,8
noontime,3
member,8
sweetpea,3
quart,1
milkman,2
bowlful,1
writer,1
temperature,11
fire's,3
minor,2
burglary,1
rumble,7
tongs,2
appliance,2
youngest,3
curtain,62
controversy,1
forest,20
neighbor,7
storytime,1
no_no,142
pinch,16
junior_high_school,1
sale,7
mile,8
silence,2
egg'll,1
sweep,25
fry,41
cent,15
riot,2
pointer,7
calorie,2
earth,6
applejack,1
cheerio,5
shaker,7
iceskates,2
blade,2
swimmingpools,1
advertisement,5
correction,2
escalator,5
rainbow,40
king,50
glop,1
collage,1
washingmachine,6
pore,1
nurse,29
mayonnaise,16
tunafish,10
biteful,1
jug,5
buttermilk,7
lifejacket,1
curler,4
fart,6
shadow,30
pit,5
gate,76
helicopter,67
motorboat,2
dentist,6
townhouses,1
shirt's,2
spoon's,1
fly's,1
penis,1
chase,8
robe,8
trickortreat,3
piggyback,3
dinner's,8
bandaid,65
puppet's,3
watercolor,10
den,3
backpack,68
heater,4
seatbelt,12
lotion's,1
washer,3
kibble,1
mutton,1
panty,19
harness,1
honker,3
consultation,1
race,17
belch,4
bubblegum,4
cranapple,2
nanny,17
stomach's,1
fever,14
partner,3
carriage,64
karma,2
blanketie,1
riser,1
ankle,6
dove,4
president,2
cleanup,2
headache,18
sunglass,15
sheet,36
promise,5
clap,68
effect,4
wife,16
blender,5
favor,8
college,3
bandaids,6
cradle's,1
short,41
mailtruck,10
olive,22
breakfast's,1
pishie,2
doorbell,6
degree,4
measure,4
liner,1
caterpillar,18
toothache,1
toothbrush,29
diet,6
tinkertoys,10
peace,3
noodle,58
tee,17
boost,1
sweetie,7
drain,5
star,217
uppie,11
baker's,12
sunburn,5
gravel,2
mushroom,81
brat,2
bonnet,2
spud,1
moose,99
hop,269
giant,27
creature,16
octopus,139
penguin,144
fishbowl,5
snowball,3
mountain,66
jungle,41
hippo,44
crab,38
rhinoceros,30
snort,24
spider,91
field,57
post,21
farmyard,1
web,26
meadow,5
chihuahua,5
checkbook,1
nightie,6
sunscreen,7
weed,9
tulip,1
peony,2
cross,13
oval,5
lily,12
gnat,1
horsies,27
moocow,15
fingernail,20
blueberry,22
range,3
spruce,1
petal,5
mower,6
breath,3
habit,4
babydoll,54
fishies,27
ounce,4
formula,1
robin,6
dustpan,7
poopie,45
chart,6
citrus,2
grapefruit,5
broccoli,46
cauliflower,1
melon,13
mango,3
kiwi,231
papaya,1
apricot,4
pasta,36
topping,4
kidney,1
grain,3
tofu,3
appointment,7
pea,464
purifier,1
rash,10
butt,17
pouch,39
decibel,4
thumbprint,1
flamingo,8
hawk,4
iguana,2
jackrabbit,1
koala,58
quail,2
urchin,3
yak,13
nautilus,2
squid,4
fluff,5
complication,1
fanny,1
rockingchair,14
litter,1
oyster,5
pearl,2
crabbie,1
seashell,2
buggie,4
porthole,1
possum,12
sillywilly,9
toesies,1
toesie,1
yuck,18
hopie,1
vitamin,27
diamond,25
club,12
band_aid,51
booboos,2
onesie,1
hairdo,1
poopies,3
rub,18
bouncie,96
pipsqueak,1
blood,16
bundle,3
cooperative,3
cutie,11
onsie,3
armhole,1
helper,26
queen,39
map,18
motherland,1
candle,62
holiday,6
reunion,1
army,26
limb,6
snappie,6
meantime,3
talker,2
drinkie,11
washrag,1
hunt,5
blind,3
cutiepie,1
blankie,30
piglet,40
bullfrog,1
lever,5
chimpanzee,2
jellyfish,1
hop_hop,13
cub,4
mammal,2
scorpion,2
coral,2
yearling,1
angel,30
turtleneck,9
rockinghorse,5
guard,15
doctor's,10
sockies,14
toenail,4
basement,29
popbeads,1
cork,15
escape,3
joy,26
ship,32
branch,23
dollie,37
shovel,33
cockle,2
maid,5
dame,1
haystack,5
tuffet,2
curd,2
whey,2
cock,1
beat,15
macaroni,13
lord,1
mayor,1
hen,46
porridge,10
roast,14
hog,8
fiddle,14
spool,4
battle,5
rattle,53
crow,5
tar,1
hero,15
quarrel,1
sixpence,2
stile,5
dig,4
dumpling,1
trouser,1
leftover,4
microwave,10
chill,1
pro,2
cholesterol,1
rockie,3
phony,6
container,21
ordinary,2
mop,35
spout,5
kittycats,15
neighborhood,4
cardboard,5
raisinbran,6
dinosaur,190
raven,1
explosion,4
truth,10
chef,29
hint,6
collar,13
project,11
base,14
foundation,3
series,11
path,10
totem,1
caboose,13
fountain,24
fist,6
method,1
hue,1
safety,7
skull,1
countertop,1
stretch,2
suds,8
wreck,15
fold,5
flyer,2
basic,2
redhead,1
suntan,1
gel,1
alcohol,2
ray,3
perspiration,1
sunblock,1
height,2
soccer,23
bathingsuit,5
wrecker,1
crunchies,1
munchkin,3
panther,9
tablespoon,2
margarine,1
biscuit,6
buckaroo,1
swallow,4
nana,2
mister,24
hoot,20
hike,5
fumble,4
vent,3
eyesight,1
tad,1
shame,5
signal,1
t_v,37
controller,1
bouncer,1
cooler,4
cupcake,462
volleyball,4
net,5
entrance,2
pigeon,14
stone,13
pegger,1
skateboard,9
background,5
mouthpiece,1
bra,1
squirrelie,26
babycakes,2
squirrelies,1
curb,1
pond,85
roller,26
thingie,7
handlebar,6
marriage,1
parkie,1
ecosystem,1
bummie,5
shred,4
channel,3
current,3
chute,2
shoot,24
waterfall,14
algae,2
porcupine,107
tent,24
private,1
pause,11
jerk,1
motorcycle,91
boobie,7
reward,2
bumblebee,27
doughnut,18
roar,32
neighbor's,1
fur,39
scrape,1
hydrogen,1
peroxide,1
cuetip,3
hollyhock,2
wasp,5
hydrant,7
fennel,2
buckle,12
pavement,3
poison,2
ivy,1
sailor,4
cactus,5
accordion,3
flea,4
liftie,1
popcorn,20
mosquito,19
cobweb,3
dip,4
studio,2
pain,3
mint,2
clover,1
dragonfly,1
bay,5
pinecone,6
sting,2
control,9
slug,2
ballie,3
smartie,5
sprinkler,6
styrofoam,2
shallot,2
grater,4
honk,39
blockie,1
lime,9
lettuce,45
patience,4
bootie,30
stinkpot,2
doozy,2
nightlight,4
dude,12
noggin,1
power,44
dairy,4
kissie,3
excitement,1
troop,1
actor,4
act,11
bound,1
praise,5
follow_the_leader,1
do_the_opposite,2
followtheleader,1
crap,3
tutti_frutti,3
investigator,1
groundhog,17
hound,3
burrow,2
reply,1
drummer,5
certificate,2
sweatsuit,1
dome,1
hoop,3
squirmy,1
backflips,1
dell,7
idiot,1
sewer,2
britches,4
teether,1
teethers,4
itch,10
pinchie,2
worry,3
philosophy,2
goosie,1
remote,8
bandana,2
yuckies,5
teethies,13
toothies,1
nugget,29
pickle,128
pussycat,6
spaghettios,6
tractor,129
tootsies,10
flipflop,8
flop,4
hedgehog,23
plan,9
hedgehog's,1
spine,2
future,2
sweetiepies,2
fixit,4
pipe,112
sugarpie,1
stickies,2
flipflops,1
farmer's,4
trough,4
brook,8
password,1
marcher,1
jumpingjacks,4
jumpingjack,1
cantaloupe,2
punch,11
computer,41
keyboard,3
plus,7
mode,2
wand,8
squishy,21
season,16
mistletoe,1
wreath,1
burpie,1
beast,2
cruise,1
galley,1
loon,1
inchworm,2
bog,1
hare,1
jog,1
timber,5
spin,9
heinie,2
coaster,10
fairy,11
godmother,3
owner,1
hideandseek,3
angle,3
nosie,1
paw,16
attic,2
feetsies,9
futon,1
elf,5
woe,1
ticket,12
infrastructure,1
panda,97
headphone,10
antenna,13
clipper,7
CLITIC,3
motorbike,5
perfume,7
ponytail,26
holder,11
feeder,2
chalk,36
chalkboard,7
tomboy,1
slinky,16
octagon,2
pentagon,1
monitor,4
twist,13
flashlight,6
diapie,14
grade,2
kissies,1
mark,35
ewie,1
decoration,5
thirst,1
wax,4
wick,1
boogie,3
hyena,5
daytime,8
lovie,8
porch,19
excuse,5
summertime,4
pudding,56
baker,12
lint,2
serpent,6
thistle,1
tab,7
view,3
flavor,17
airline,2
official,1
dough,30
key's,2
hatchling,2
slumber,2
concert,7
musical,13
sweetum,2
orangutan,6
fawn,2
swan,61
chirp,9
witch,59
beanstalk,6
raincoat,7
springtime,2
catdoor,2
bunnies's,4
feeties,11
armadillo,1
zookeeper,7
zookeeper's,1
swingie,20
binkies,1
binkie,2
feetie,2
expression,3
garland,1
chipmunk,6
bap,1
flyswatter,3
pigpen,3
stall,5
scarecrow,9
hoe,8
clutch,3
tomcat,4
nest,39
wiper,3
cornfield,2
aim,1
potholder,1
mission,3
ballet,12
seeandsay,4
toucan,13
thermometer,3
smartypants,3
earring,7
sweatshirt,15
snot,4
buzz,28
lightning,6
splat,19
review,1
holy,6
bamboo,2
giggle,8
ouchie,5
nowhere,3
lightbulb,4
whirlwind,1
blast,1
fuss,4
goal,2
tile,1
substitute,1
emperor's,1
outlaw,3
rascal,5
guest,5
report,2
planet,6
captain,7
infinity,1
style,3
dresser,9
globe,2
bumper,2
topic,1
deck,5
hymnal,1
worship,1
shield,7
defender,3
ancient,4
splendor,3
brightness,1
pavilion,1
prayer,15
kingdom,3
blame,2
god's,1
condo,3
king's,4
moonlight,1
necktie,2
nightshirt,2
ostrich,54
quackeroo,1
underwear,14
violet,23
touchie,1
sailboat,27
instrument,19
program,13
crawl,9
brick,22
blockies,4
circular,2
sphere,2
dictionary,6
dialect,1
vat,3
luster,1
variable,1
lighter,1
proof,2
century,1
arc,3
exhibit,3
spectrum,6
refraction,1
raindrop,2
mist,1
assortment,1
impossibility,1
trout,2
appearance,1
specter,1
parents's,1
handbook,1
milkie,6
handsies,1
handsie,2
girlfriend,10
mesh,1
velveteen,2
seashore,2
playoff,1
bunnyrabbits,1
truckie,2
link,2
bookie,14
milkies,1
headband,3
pee_pees,1
sweetsies,2
staple,3
cable,5
speaker,4
a_m,2
combie,6
hairie,6
mouthie,2
lippie,1
pantsies,6
sockie,8
pantsie,1
yam,6
reverse,3
utmost,1
crush,1
hairies,1
charm,1
flash,4
poser,1
bounty,10
bushel,1
teaspoonful,1
stitch,1
girder,1
chap,2
sign,37
psalm,4
verse,1
banner,1
womb,1
goldfish,21
die,3
goggles,1
disc,1
dorm,1
eggfooyung,3
skill,11
bleach,10
stain,1
mate,3
stink,12
hoochie,2
professor,5
expectation,1
grief,2
walkandtalk,1
skirt,60
blowup,2
language,41
model,3
portfolio,1
scribble,3
follicle,1
friction,1
granny,7
drainage,1
massage,5
buck,1
pushover,1
ignorance,1
thingies,3
capri,2
software,3
fool,18
ringer,1
worth,3
poster,2
saving,1
bond,1
starch,3
whine,7
cranium,1
divine,2
ghetto,1
freeze,8
gibberish,1
yeast,8
infection,6
slash,4
grease,5
chitlins,1
syndrome,2
curl,22
activator,2
d_v_d,4
attitude,1
evil,8
paperwork,2
procedure,2
fill,5
column,2
product,10
bowel,8
movement,8
gear,2
rap,1
ointment,4
birth,2
demolition,1
malfunction,1
return,3
code,1
camp,6
fiber,1
cell,1
cleaner's,1
workplace,1
neon,4
bacteria,2
c_d,1
quack_quack,9
bough,9
personnel,1
sodium,1
flashcard,4
boogyman,7
leap,5
bun,39
uniform,5
income,1
art,12
orthodontics,1
polish,3
gloss,1
comedy,2
tubing,1
lace,18
sweat,3
playground,14
scuba,1
beautician,1
handmedowns,2
reversal,1
babydolls,25
scent,1
cartoon,29
doubt,3
payment,2
receipt,1
result,3
patient,8
treatment,1
adjustment,1
period,4
tenderness,1
orthodontist,1
injury,1
retardo,1
booger,3
notice,4
maintenance,1
animosity,1
platinum,1
credit,1
commercial,2
loan,1
center,3
violence,4
sleepie,1
calcium,1
lunchmeat,1
ramen,2
clinic,1
clearance,1
shift,1
checker,4
large,1
trailer,25
copy,6
mailman's,5
bookshelf,4
grader,3
minestrone,1
sycamore,1
camper,13
diesel,3
locomotive,10
baggage,1
coach,2
switcher,1
plow,11
derrick,5
racket,13
roadgrader,7
pal,5
lion's,7
nun,1
tummy's,2
windmill,8
eraser,6
folder,3
leopard,19
flute,11
chewy,2
elephant's,10
jackolantern,2
sardine,5
cider,6
momma's,4
chatter,2
imp,2
cowboy's,5
freight,3
treetop,1
disk,7
hairpin,1
license,4
jackinthebox,82
spur,1
rodeo,2
cowhorse,1
grin,1
trail,4
children's,2
llama,38
clarinet,1
coal,8
man'll,1
celery,40
banjo,9
stool's,1
ashtray,4
bibbie,13
tapioca,70
wiener,2
cigar,1
leotard,4
custard,2
playbed,1
gentleman,1
soup's,1
wastebasket,27
gopher,3
grahamcrackers,8
tinkertoy,20
sock's,1
bouillon,15
hand's,2
puzzle's,2
coin,5
parsley,6
bacon,8
sway,1
icecube,11
hat's,6
stylus,1
televisionset,1
windowsill,4
nipple,20
tube,3
papa's,2
hump,4
clam,5
chowder,5
response,1
happiness,3
bathrobe,8
blob,3
pigtail,19
captain's,1
icecubes,10
pingpong,2
arm's,1
calendar,12
sweeper,9
pocket's,2
tapioca's,2
box's,2
salami,4
aspirin,26
ginger,15
blanket's,3
paddle,5
bowl's,3
teakettle,1
cookbook,2
bibbie's,2
fuzz,9
rack,3
doily,1
swell,2
workbench,9
drumstick,6
yip,1
side's,2
coat's,2
lament,1
suppertime,1
tablet,9
cellar,5
rowdy,1
pie's,1
sliver,1
doorway,3
granpa,3
handkerchief,4
bed's,2
fortnight,6
chaiselounge,1
tale,3
pedalpushers,3
mat,14
carbed,1
squash,3
rawhide,1
vaccine,1
gruyere,2
clay's,1
water's,13
spigot,10
maam,3
gingerbread,9
fox's,2
burro,2
knit,2
lobster,103
skillet,2
zwieback,2
wedding,3
night's,5
statue,4
hangnail,2
sailingboat,1
smoke's,1
funnel,6
visitor,2
gravy,6
spoonful,4
baster,1
broth,3
talent,2
talk's,1
railway,1
careful,3
mover,3
insurance,3
argument,4
coolpop,2
pastina,2
stew,7
supper's,1
crust,1
fashion,4
fizz,1
si,4
glob,3
closer,7
shrub,1
trot,8
saddle,1
drool,4
drinker,4
tonnie,2
rake,2
tuba,5
tuba's,2
tail's,1
parachute,1
nienie,5
baby'll,1
wednesday,3
symbol,3
lovins,3
thing's,2
jack_in_the_box,2
grampa,4
cabbage,2
woodchuck,1
princess,20
jewel,1
dollie's,5
poodle,27
poodle's,3
latch,8
teddybear's,1
fishhead,1
exerciser,1
button's,1
slob,1
mumps,3
legging,1
steamroller,1
comicbooks,1
squeezer,1
justice,1
towel's,1
zipper's,2
potatochips,2
devil,9
halo,1
walnut,8
didey,2
hamster's,1
teddy's,1
aleck,1
sleigh,16
handcuff,2
john,1
friday,7
cereal's,1
robot,11
rein,3
transformer,18
teeshirt,3
land,10
downtown,3
whiner,1
armpit,2
tush,4
daisy's,1
tub's,1
basis,1
grizzly,1
halloween,3
thinner,1
barrier,1
musician,3
harp,2
syllable,10
library,19
toolbox,18
stripe,38
title,2
author,3
cutthroat,1
territory,2
guinea,1
son's,4
kiddos,1
rye,2
ape,2
cream's,6
golfer,1
boat's,2
gun's,1
money's,3
balance,6
milkshake,13
cutter,48
jig,2
ship's,1
price,8
gambler,2
cream'll,1
shear,2
mallet,2
trombone,1
waitress,5
enchilada,2
duck's,9
baboon,10
owie,29
task,4
pest,5
chief,7
cabin,5
gramma's,1
clown'll,1
castle's,1
pilot,12
jalopy,1
electricity,6
cane's,1
ball's,13
chimp,1
whitie,1
billygoat,3
rocket,5
crease,1
sunday,8
rooster'll,2
gook,3
muscle,16
chinnie,3
birthday's,1
level,5
hammer's,3
hammer'll,1
lemonade,10
squirt,18
cola,1
vinegar,1
lifter,3
stewardess,23
cape,14
baggie,3
mousse,10
keeper,2
proper,2
twilight,4
bomber,31
fuselage,4
wallboard,3
engineer,14
brakeman,2
strip,4
pattie,1
ramp,9
magnet,68
fender,4
rear,2
spoke,4
headlamp,2
unicycle,3
slate,8
addition,2
sunroom,4
measurement,4
backdrop,1
storage,3
walkway,1
crossbar,2
garlic,3
smock,2
volunteer,1
champ,4
lego,41
ability,1
tailgunner,3
turret,1
canopy,1
brake,3
backhoe,13
casualty,1
tender,3
barge,1
bracket,2
amplifier,2
flour,15
teaspoon,2
beater,11
spice,14
recall,1
mixer's,1
cornmeal,8
folk,11
heck,4
beater's,1
issue,6
backlane,1
bleacher,1
mixture,2
booth,2
pickup,1
gunk,3
bos,2
gobot,4
sticker,10
van,9
whoopsie,2
obstacle,1
raspberry,5
capital,1
asterisk,1
gush,1
reader,2
lambie,12
orchard,1
bathie,14
firewood,1
lambies,1
rivet,15
music's,1
motorboatist,1
racer,1
scooper,1
machine'll,1
executive,4
call's,2
reception,3
colander,6
colander's,1
china,2
upsie,1
cannister,1
crunch,8
karate,2
froggie's,2
catnip,2
fella,5
pathway,1
lung,9
rollercoaster,5
lunchie,3
leek,3
stretchie,3
batch,3
referent,1
daddy'll,2
laundry's,2
development,10
lug,2
fleece,3
article,3
eggie,4
hatie,2
walkie,1
keyhole,6
flame,2
mousie's,2
beddie,12
wardrobe,3
duckie's,3
endorsement,1
dumptruck,4
astronaut,13
detail,4
exhaust,1
diner,8
highway,1
bathies,1
stream,4
shampooie,1
bliss,4
cadet,2
periwinkle,1
sunset,2
skin's,1
slice,29
ideal,2
north,3
apple's,2
nectarine,3
cop,6
sack,6
hippo's,2
animal's,5
math,2
camel's,10
dada'll,2
fixer,2
checkout,2
spot's,1
stopsign,1
service,4
brand,9
seat's,2
classic,3
combination,7
dinosaur's,3
wicket,1
swamp,3
wintertime,1
moon's,2
monkey's,16
fort,4
penguin's,4
rumblie,3
scrunchie,1
buddy's,1
school's,1
hattie,3
eggies,1
blackboard,2
recess,4
warmth,1
palette,1
yellow's,2
paintbrush,2
information,5
prescription,1
subscription,2
hanger,12
mousies,1
sign's,1
catsup,2
haven,1
catchup,1
playgroup,5
explorer,2
letter's,8
walrus,9
war,12
old,5
evileye,2
crisp,1
increase,1
miracle,1
backhand,1
meatloaf's,1
appetizer,1
childbirth,1
muck,1
fluid,1
symptom,1
hell,1
tushie,2
murder,1
freezer,3
remorse,2
stiff,1
good,1
relief,1
gourmet,2
cuisine,1
lemonlime,1
cob,20
wine,4
snooze,3
trolley,2
radish,17
whippedcream,1
beet,179
vineyard,1
whiz,1
crispies,1
eyeglass,9
allergy,2
pollen,1
taperecorders,1
ditch,2
digger,6
sigh,2
appreciation,1
piggie's,2
transportation,3
route,4
subject,5
policeman's,3
creamer,3
goodie,1
stirrer,2
assistant,1
steeringwheel,4
stereotype,1
phase,8
bookstore,1
shopper,4
story's,1
inflation,1
bargain,1
carrier,7
number's,1
sparkler,2
convertible,1
storekeeper,1
parkingmeter,1
troublemaker,1
hankie,2
cashier,1
banger,2
leftie,1
fir,1
lasagna,1
silverware,10
spark,2
badge,1
eyelash,9
teenie,1
weenie,2
collection,20
gymnast,2
pompon,1
camera's,7
door'll,1
peck,26
butcher,4
candlestick,3
knave,3
coast's,2
costume,8
goody,12
peep_peep,3
cockhorse,2
goo,6
gander,1
tubbie,7
super,13
rubbish,1
heel,13
seaweed,7
seagull,3
owlet,26
invention,2
whale's,2
byeandbye,1
wig,3
jujube,1
traycake,1
soul,2
fiddler,1
prince,3
sash,3
sandcastles,1
footstep,3
wolf's,2
lad,1
manager,1
cartwheel,1
birdcage,1
puppetmaster,1
lantern,1
thief,1
dancer,4
bug'll,1
springboard,1
stick's,1
material,3
mercy,5
tiger's,6
outdoors,9
tee_tee,3
shellfish,1
maple,1
pecan,1
bakesale,1
artist,6
complex,1
volley,3
theater,4
goat's,2
monkey'll,1
sheep'll,1
boy'll,1
final,3
blonde,2
dingo,1
dimple,6
twerp,35
ghost,11
striper,1
owies,3
coq_au_vin,1
garbagecan,3
history,11
yowl,1
motorcycle's,3
skater,1
icicle,1
bronco,5
worker,12
diaper's,2
analogy,1
autumn,1
relative,1
clause,2
grouch,12
heather,1
heather's,1
underoos,38
bum_bum,1
hash,1
pus,3
teensie,2
freeway,2
conscience,1
cavity,12
rootbeer,1
tusk,5
cheeseburger,16
doorstep,1
specification,1
emphasis,1
fighter,11
shock,1
woodsman,3
ward,3
instruction,9
strength,1
napper,12
eyedrop,4
lawnmower,3
stairway,3
horseradish,4
chopper,7
pirate,1
generalization,1
threat,6
squat,1
battery's,1
trooper,24
tennies,6
empire,7
trucker,2
lightsaber,11
damn,4
beagle,15
loss,2
fudgie,3
kindergarten,3
din,4
pox,6
bouquet,6
flusher,2
coca_cola,17
peppermint,2
spaceman,3
flu,3
penicillin,1
xwing,2
stormtrooper,1
stuff's,5
thump,9
grave,3
disturbance,3
force,3
metal,8
parliament,1
costumer,1
scientist,1
pod,4
crawler,6
speeder,8
affection,2
west,1
blaster,13
bullet,1
double,7
part's,2
wont,25
teepee,4
venture,2
fellow,3
smog,1
billy,2
battleship,1
battlestar,6
walker,5
parent's,1
stock,2
trooper's,2
rebel,1
human,7
queen's,4
lightsabers,5
madman,1
powerfuls,1
duke,2
helmet,21
rosemary,8
collie,20
chunk,5
eve,1
solder,1
picker,4
smarties,4
single,3
stapling,1
tin,26
sibling,7
state,5
companion,2
cricket,2
pupa,4
yummies,1
dummy,3
doghorse,1
disco,2
wizard,1
detective,2
consequence,1
hunter,9
freedom,1
landscape,2
cavern,1
blip,1
radar,1
screen,7
intruder,2
probe,2
transmission,1
commander,1
danger,15
enemy,1
attack,3
cannon,2
squadron,1
armor,1
craft,2
asteroid,3
pursuer,1
port,1
meditation,1
chamber,3
destroyer,1
bait,4
galaxy,1
creep,4
fog,3
weapon,14
ally,2
youth,1
colony,1
trust,1
banquet,1
assembly,1
vision,2
boughie,2
prune,3
opera,2
sharpness,3
domino,3
magician,5
rabies,10
win,4
injection,4
serum,1
robber,2
glitch,12
party's,2
terminal,3
sharpener,1
stoop,1
powerful,2
bomb,3
joker,2
laser,1
dent,2
jail's,2
mall,2
explanation,2
caser,2
verb,3
frenchfries,3
toddler's,1
contrast,1
hockey,2
team,7
rockandroll,4
fink,1
weight,5
medallion,1
tuesday,2
monday,2
bulb,6
sunlight,1
aluminum,1
foil,1
mean,5
goblin,1
werewolf,2
hinge,3
sandman,3
show's,3
statement,4
pourer,1
booby,1
adjective,1
loser,1
petition,1
counter's,1
agreement,1
gulp,1
coverlet,1
pas,3
condenser,1
doody,1
ending,2
intonation,3
boon,1
grate,1
bobble,1
doo_doo,5
goodness,1
don,1
rhino,7
pip,2
attempt,1
sample,3
earache,2
hairdryer,1
musicbox,4
huggies,1
titty,1
tittie,3
comparison,1
trashcan,5
talk_talk,1
jumpingbean,1
buba,1
firecracker,4
articulation,4
transfer,1
ledge,1
chiffonier,1
display,1
pitch,1
keysâ†“,1
contour,3
aspiration,1
chant,1
politeness,1
confusion,2
unit,1
command,2
department,7
failure,1
possessive,1
visa,1
redundancy,1
secretary,1
conference,1
gong,2
locative,1
dirties,1
doodle,3
cover's,1
tweezer,5
pompom,6
chow,2
lovey,8
barley,1
rim,1
brim,2
romper,1
pledge,2
allegiance,2
scrubbrush,2
brusher,1
housewife,1
ballies,2
us,4
toughy,1
gumball,2
grammy,2
cant,2
tan,2
awe,1
rue,9
watchdog,1
prize,5
poppa's,1
clipboard,6
chocolatechips,2
chocolatechip,6
poptart,1
babybottle,2
cookie's,7
pantyhose,3
goofball,2
doc's,1
doorstop,4
lady'll,1
nummy,4
sloppyjoes,1
child's,3
plugins,1
pitcher's,1
doorstopper,1
rosey,6
time's,1
juicie,4
bully,2
pout,2
boysenberry,1
fignewton,4
fig,3
survey,3
papertowel,3
starter,1
beep_beep,1
freak,1
robot's,1
thursday,4
grace,1
leg's,2
kool_aid,4
nutrition,1
defeat,1
crank,22
opossum,50
household,2
hoo_hoo,3
generation,1
teenager,1
torture,2
cargo,2
puppydog,1
conflict,2
alternative,2
peekie,2
doodad,1
kickball,3
checkmark,1
dropsy,2
developer,1
sculpture,1
yardstick,1
popper,1
bangle,1
swirl,2
boom_boom,2
ball_ball,18
cow_cow,1
no_nos,4
curlicue,1
cobbler's,5
room's,2
wallpaper,1
drag,1
distraction,3
mom'll,1
mama'll,1
numbskull,1
tangle,5
tit,1
stroke,1
image,1
scar,1
tv's,2
car_car,1
expense,1
appeal,1
leather,2
chick's,1
fingerpaint,1
squeaker,10
speck,3
peep_peeps,1
critter,8
chick_chick,2
permission,10
squiggly,1
puck,1
racoon,21
racoon's,1
yum_yum,2
morsel,1
toothpaste,9
soupie,1
electronics,8
participant,24
otter,82
ewe,16
ram,16
stable,11
snout,10
polka,3
joey,5
taco,21
sippycup,18
slack,7
addict,1
rockstar,1
m_and_m,3
scallywag,1
yums,2
m_and_m's,3
democrat,1
turkey's,6
conduct,1
mamma,22
macaroon,1
froggy,10
spaghetti's,2
spiderweb,2
frog's,5
zebra's,9
eagle's,1
violet's,1
collector,3
plaster,2
mic,8
technology,2
highfive,5
daycare,32
waiter,1
meatball,3
sprinkle,9
factory,1
smear,1
mayo,1
spreader,3
pepperoni,2
zing,1
hahaha,1
snout's,1
ma,1
bee's,3
abc's,18
icecream's,2
boo_boo's,1
veggie,10
sissy,4
feets,3
kangaroo's,15
fuzzies,3
tease,2
screensaver,1
decker,1
vegetarian,3
paperclip,2
damage,1
victor,1
congratulation,2
option,8
continent,1
bub,1
froggy's,1
pastrami,1
barbie,4
liquid,3
starfish,5
lemur,23
beet's,1
eel,49
casserole,7
kiwi's,4
peacock,83
red's,1
seahorse,19
balloon's,3
weathervane,1
pepper's,1
parsnip,1
tart,5
boonie,3
scene,26
antler,7
lab,7
tutu,20
greenbeans,14
dam,3
lot's,6
curry,1
donut,55
toolbelt,8
playmats,2
beluga,1
elk,1
warthog,9
panda's,3
overcompensation,1
pinchers,1
hashbrowns,1
turnip,8
lullaby,1
ballerina,11
burner,16
quesadilla,2
rollingpin,1
emperor,1
cockatoo,5
toucan's,1
cheetah,14
mouse's,8
duck_duck,3
playsets,2
chili,8
shoeies,1
cheerleader,25
pompoms,8
wildebeest,4
tentacle,1
shoes'll,1
kelp,1
moray,1
piranha,6
shrug,1
gill,1
nanny's,2
omelette,5
burner's,1
seam,1
emu,13
peacock's,1
sushi,155
playmat,1
morn,1
mystery,4
african,3
safari,4
primate,1
ruminant,1
flight,1
claw,13
crustacean,1
cockatiel,1
parrot's,1
slicer,2
maze,1
vest,1
chord,1
scape,1
farmland,1
recollection,1
island,3
expert,1
rib,11
random,3
scholarship,1
barracuda,1
lambchop,11
cud,1
quiche,9
alpaca,1
gluten,1
handymen's,1
porkchop,15
stem,2
velcro,9
souffle,1
imitation,2
niece,3
velcro's,2
process,7
doorknob,3
sitter,3
death,2
wheeler,2
consent,14
hunger,3
pjs,1
grit,1
sling,1
tuna's,1
petunia,1
jigsaw,2
habitat,9
dinger,1
porpoise,1
antelope,9
palm,5
farmhouse,2
jalapeno,4
waist,7
texture,11
plaid,3
coil,1
assistance,1
lima,2
zero,3
poppy's,2
graduation,1
role,3
performance,1
privacy,1
polarbears,1
construction,7
dressup,3
paramedic,1
crawfish,1
crayfish,1
packer,1
jet,3
cleat,2
smoothie,2
gazelle,2
boar,7
stump,2
kale,1
cluck_cluck,4
cluck,6
health,1
rice_krispies,1
mamma's,2
tide,1
wedgie,1
shoestring,2
cheatsheet,2
lit,1
loosie,1
giver,1
saucepan,1
ingredient,6
ganache,1
cheddar,1
torte,1
goober,1
sous-chef,1
stovetop,2
guppy,1
raccoon's,2
eggplant,1
swiper,2
seal's,1
clownfish,1
barnyard,4
llama's,1
baggies,1
farm's,1
otter's,1
loop,7
bonk,6
pedicure,1
parakeet,2
shed,2
crescent,2
suck,1
laptop,3
adapter,1
u_s_b,1
pregnancy,1
tortilla,1
connection,6
refuse,1
feature,3
puff,15
leapfrog,1
constant,1
pastel,1
encouragement,1
stacker,1
exclusion,1
familiarity,3
sharer,1
playmate,1
component,3
element,1
ignition,1
nothing,1
pact,1
possession,1
inflection,1
plasticware,1
context,4
rhythm,2
rendition,2
variation,1
preference,2
shyness,1
layer,1
identification,1
length,2
girlie,2
curriculum,1
comprehension,1
production,1
novel,3
specialist,2
anorexia,2
cue,3
relationship,3
quantity,1
listener,1
stimulation,1
challenge,1
smoothy,1
shin,1
femur,1
accent,1
visit's,1
eval,1
noun,3
slam,1
squeezies,1
interference,2
v_c_r,1
might've,6
aid,2
preparation,1
orca,1
follower,1
opportunity,2
platform,4
sippycups,1
sanitizer,1
beanie,2
similarity,1
dot_com,2
reaction,2
script,5
dialogue,2
sensitivity,2
icepop,2
icepops,2
reality,1
extent,2
interpretation,1
majority,1
cousin's,1
wildlife,2
federation,1
potty,1
engineering,1
hindrance,1
detriment,1
d_n_a,1
matchbox,1
barbies,6
replication,1
quality,1
maraca,1
turner,1
fame,1
obsession,3
joint,2
climber,2
cult,1
builder,3
mulch,3
site,2
sleeper,22
impression,2
status,1
playset,2
figurine,6
tshirt,2
lump,1
humor,1
puggles,1
solution,3
implement,2
rescue,3
wingspan,1
genre,1
three_d,1
psychology,4
tranquility,1
integration,1
compression,1
assessment,2
therapist,2
phoneme,2
domestic,1
tights,7
student,9
calculator,1
cellphone,1
compact,1
questionaire,1
slower,1
illustration,2
output,1
transporter,1
quickie,1
lower,2
data,8
kraft,1
faucet,7
twit,1
mechanism,2
representative,1
weather's,2
county,3
motif,1
motion,1
technique,4
mash,13
associate,1
orderly,2
anxiety,1
meltdown,2
respect,2
interplay,1
scone,3
fanatic,1
universe,4
recreation,1
zone,1
racecars,1
sorter,2
social,2
temperament,1
advantage,2
standard,1
chess,1
focus,3
requirement,1
audience,1
cutout,1
hierarchy,1
festival,1
rubbage,1
walkthroughs,1
distance,1
renovation,1
gender,3
wonderland,1
godmother's,1
mold,3
pellet,1
accessory,1
drivebys,1
tourist,1
tester,1
playdoh,2
possibility,2
munchkins,1
ensemble,1
signature,2
gerbil,2
national,2
evaluation,1
delay,2
reflux,4
aspirator,1
mucus,3
pediatrician,1
deprivation,1
crook,1
tenseness,1
extraction,1
oxygen,1
duper,1
suction,1
sinus,1
airway,1
correlation,2
frustration,2
croup,1
guesser,1
individual,2
average,1
default,1
childrens's,1
target,1
ipad,2
portion,3
research,1
aspect,2
database,3
update,1
researcher,3
transcript,3
score,4
transcription,3
homemaker,1
macaw,2
reinforcer,1
consonant,1
tone,1
discovery,1
flesh,1
caramel,1
cutlery,1
toothpick,1
intelligence,1
acuity,2
variant,1
active,3
delight,1
creation,2
oven's,1
seller,1
occasion,2
trampoline,1
burn,1
kinesthetic,1
athlete,1
accuracy,1
awareness,1
plush,1
fisher,4
acre,2
nature,1
mermaid,1
spatula,1
tupperware,1
parmesan,1
rainstick,1
pan's,1
membership,1
temptation,1
internet,1
equal,1
mobile,8
concern,1
era,1
ipod,1
researcher's,1
international,1
audio,2
benefit,1
winner,2
shipment,1
pissant,1
email,4
kitchen's,1
childcare,1
strain,1
biscuit's,1
valentine's,1
burst,1
switch,3
d_v_ds,1
perfectionist,1
user,1
combiner,1
videotape,1
progress,2
factor,1
perception,1
playtime,1
yippie,1
nickle,3
earring's,1
gocart,1
head's,2
chicken'll,1
coyote,3
feet'll,1
hiney,1
meanie,8
lookout,1
satellite,4
killer,1
cotton,4
hairbows,1
huff,2
boo_boos,6
skittle,6
toyland,1
drawbridge,1
wheelie,1
hooker,2
dumpster,1
teller,4
tyrant,1
computer's,1
hangman,2
sunsuit,2
conductor,5
mane,18
gasoline,1
ponytail's,1
sanitation,2
gloom,1
hollow,2
volcano,13
meter,7
putty,2
swordfish,1
jammer,1
carport,1
telephonie,1
binoculars,4
biddy,4
pooey,2
cowgirl,3
recital,1
dandelion,1
clock's,1
roach,1
mailwoman,2
mail's,2
contest,2
popcorn's,1
rail,2
acorn,2
skunk's,2
window's,3
jaw,3
dice,15
shit,1
ware,1
world's,2
ace,1
express,1
bakery,2
chuck,1
ferris,1
steamboat,1
tugboat,1
tornado,4
stegosaurus,7
airplanie,1
chum,1
postage,1
compartment,3
saber,5
duckbill,3
sloth,1
wind's,1
chestnut,1
racquet,1
herd,1
pounder,1
trailer's,1
sister'll,2
pen's,3
wink,1
snuffer,1
drivethrough,1
pageant,2
shop's,1
bloomer,2
hiss,1
firefly,4
hammock,1
ogre,3
slider,2
master's,1
transformer's,1
savage,2
daredevil,2
portrait,1
firefighter,1
rattler,1
rattlesnake,1
ninja,1
firemen's,1
cootie,2
eyeball,12
grunt,1
fourwheeler,1
tadpole,1
hideout,1
criminal,2
customer,3
firestation,1
tour,2
duty,2
sparkle,1
cliff,1
solid,1
bowtie,2
rolly_polly,3
smilie,1
moocows,1
rollie,1
shingle,2
pupil,3
hitch,2
brandy,4
scenario,1
faker,1
pumpernickle,1
mantle,1
sleeper's,2
jammie,1
matzo,13
pegboard,2
audiotape,1
sunnyflower,1
medium,3
foam,1
bottlecap,1
humidifier,1
shoemaker,1
golfball,2
cymbal,1
cocktail,1
fireextinguisher,1
exercycle,2
trademark,1
daffodil,2
plural,1
chandelier,2
gargoyle,1
kamikaze,1
comfort,1
billygoats,4
setter,1
windowlock,1
eardrop,3
chopstick,1
colt,1
colt's,1
sheepdog,1
goose's,2
strainer,1
teastrainer,1
fish's,6
pillowcase,1
passey,3
dropper,1
drop_drop,3
bobbypin,1
fencepost,1
rock's,1
cedar,1
toybasket,1
basket'll,1
trauma,6
passie,1
passies,1
salt's,1
saltshaker,3
moth,3
antihistamine,2
asparagus,2
phoneman,1
drugstore,3
teabiscuit,1
papertoilet,1
oodles,1
announcement,2
pin's,1
croquette,1
spite,1
bolster,1
suspect,1
suspicion,1
conjunction,1
pharmacy,1
conception,1
fairness,1
paraphrase,1
giraffe's,2
crocodile's,1
owl's,1
bib's,1
giddyingup,1
rum,1
person's,1
road's,1
crown,9
candy's,1
shutter,1
chimney's,3
bit's,1
toilet's,1
soldier's,2
ale,9
eye's,1
vulture,1
flipper,2
pinwheel,6
rump,1
horsie'll,1
log,4
teapot's,1
silo,4
jersey,2
sail,4
gown,1
blimp,2
piper,1
brush's,2
gallop,3
wastepaper,1
poopoo,3
oak,1
gauze,1
jam's,3
badminton,1
tobacco,3
cloud's,1
sippydippers,1
pasture,4
porcelain,1
toy's,1
velvet,2
silk,1
skirt'll,1
zucchini,6
mast,1
bottom's,1
poem,9
female,1
cardinal,5
blackbird,1
meadowlark,1
canoe,3
buoy,1
hive,2
tapeplayer,1
staircase,1
alum,1
crisis,1
parallel,1
bellow,1
grinder's,1
mailperson,1
teacup,1
fluorescence,1
takeoff,1
easel,1
ladle,2
terrain,1
sky's,1
birdfeeder,2
birdfeed,2
bluejays,1
birdfood,1
kook,1
sorcerer,4
quote,1
protocol,1
toadstool,1
loader,1
senior,1
biochemistry,1
quiz,1
centipede,1
grinder,1
anvil,1
ritual,1
security,1
union,1
analysis,1
inventory,2
toad,1
knee's,1
boyfriend,2
syringe,1
actress,2
hiccough,5
graduate,2
daughter's,1
sophomore,1
pride,1
quill,9
cot,1
gentleness,1
concentrate,1
lullabye,2
badger,2
crew,1
roadblock,1
bureau,1
porcupine's,4
machine's,1
steeple,3
knicknacks,1
amusement,1
lull,1
month's,1
catalog,4
victim,1
punk,1
dwarf,1
disposal,1
incense,1
hydrocortisone,1
swig,1
solo,1
chariot,2
hysteria,1
laughter,1
defense,1
lightness,1
darkness,1
humorus,1
buffalo,2
squeaker's,1
cycle,2
squirmer,1
headlight,1
tippytoes,1
limp,1
toybox,3
machinery,5
haybine,1
electrician,2
momentum,1
luxury,1
inlaws,1
kicker,1
eggshell,1
gab,2
roofie,1
railing,1
brontosaurus,1
muff,2
slit,1
pogo,1
house's,1
stilt,4
bruise,1
linguistics,1
enjoyment,1
axle,1
poker,5
odor,1
highlight,1
responsibility,1
baldy,1
dumper,1
community,1
saver,1
playful,1
decoy,1
plugger,1
week's,1
filter,1
knuckle,4
plumber,1
offense,1
manger,1
poo_poos,1
present's,1
shag,1
hopper,1
thickness,1
prickle,1
gravity,2
marmite,2
chewer,1
wrestler,1
conversationalist,1
banter,1
spike,1
rod,1
hugger,1
collie's,1
thermostat,1
hour's,1
concrete,1
sparrow,1
beebee,2
request,1
discrimination,1
gazebo,1
dumptrucks,2
creek,1
bluefish,1
dorsal,1
deadbeat,1
tine,1
birdhouse,1
speedboat,2
doofus,1
